"apptype","appliancename","ostype","hostname","appname","appid","jobclass","jobclasscode","backupname","id","consistencydate","endpit","label"
"GCPInstance","avwlab2sky",,"bastion","bastion","209913","snapshot","1","Image_0208506","209929","2021-08-23 17:08:11",,
"GCPInstance","avwlab2sky",,"bastion","bastion","209913","snapshot","1","Image_0209923","211981","2021-08-24 06:43:54",,
"GCPInstance","avwlab2sky",,"encdebian","encdebian","154830","snapshot","1","Image_0191491","191505","2021-08-17 19:01:50",,
"GCPInstance","avwlab2sky",,"encdebian","encdebian","154830","snapshot","1","Image_0192515","192529","2021-08-18 15:13:20",,
"GCPInstance","avwlab2sky",,"encdebian","encdebian","154830","snapshot","1","Image_0194563","195647","2021-08-19 07:49:00",,
"GCPInstance","avwlab2sky",,"encdebian","encdebian","154830","snapshot","1","Image_0199685","199691","2021-08-20 08:10:47",,
"GCPInstance","avwlab2sky",,"encdebian","encdebian","154830","snapshot","1","Image_0203782","203787","2021-08-21 19:01:48",,
"GCPInstance","avwlab2sky",,"encdebian","encdebian","154830","snapshot","1","Image_0204806","204827","2021-08-22 19:01:59",,
"GCPInstance","avwlab2sky",,"encdebian","encdebian","154830","snapshot","1","Image_0205827","205835","2021-08-23 09:17:44",,
"GCPInstance","avwlab2sky",,"encdebian","encdebian","154830","snapshot","1","Image_0209924","211979","2021-08-24 06:43:55",,
"GCPInstance","avwlab2sky",,"mysqlsource","mysqlsource","51919","snapshot","1","Image_0191493","191501","2021-08-17 19:01:50",,
"GCPInstance","avwlab2sky",,"mysqlsource","mysqlsource","51919","snapshot","1","Image_0192517","192525","2021-08-18 15:13:19",,
"GCPInstance","avwlab2sky",,"mysqlsource","mysqlsource","51919","snapshot","1","Image_0192617","192629","2021-08-18 15:17:35",,
"GCPInstance","avwlab2sky",,"mysqlsource","mysqlsource","51919","snapshot","1","Image_0194565","195643","2021-08-19 07:49:01",,
"GCPInstance","avwlab2sky",,"mysqlsource","mysqlsource","51919","snapshot","1","Image_0199687","199687","2021-08-20 08:10:50",,
"GCPInstance","avwlab2sky",,"mysqlsource","mysqlsource","51919","snapshot","1","Image_0203784","203783","2021-08-21 19:01:53",,
"GCPInstance","avwlab2sky",,"mysqlsource","mysqlsource","51919","snapshot","1","Image_0204808","204829","2021-08-22 19:02:03",,
"GCPInstance","avwlab2sky",,"mysqlsource","mysqlsource","51919","snapshot","1","Image_0205829","205831","2021-08-23 09:17:46",,
"GCPInstance","avwlab2sky",,"mysqlsource","mysqlsource","51919","snapshot","1","Image_0209926","211975","2021-08-24 06:43:56",,
"GCPInstance","avwlab2sky",,"mysqltarget","mysqltarget","36104","snapshot","1","Image_0191499","191489","2021-08-17 19:01:39",,
"GCPInstance","avwlab2sky",,"mysqltarget","mysqltarget","36104","snapshot","1","Image_0192523","192513","2021-08-18 15:13:10",,
"GCPInstance","avwlab2sky",,"mysqltarget","mysqltarget","36104","snapshot","1","Image_0194571","195631","2021-08-19 07:48:51",,
"GCPInstance","avwlab2sky",,"mysqltarget","mysqltarget","36104","snapshot","1","Image_0199699","199681","2021-08-20 08:10:42",,
"GCPInstance","avwlab2sky",,"mysqltarget","mysqltarget","36104","snapshot","1","Image_0203793","203777","2021-08-21 19:01:45",,
"GCPInstance","avwlab2sky",,"mysqltarget","mysqltarget","36104","snapshot","1","Image_0204826","204801","2021-08-22 19:01:57",,
"GCPInstance","avwlab2sky",,"mysqltarget","mysqltarget","36104","snapshot","1","Image_0205838","205825","2021-08-23 09:17:39",,
"GCPInstance","avwlab2sky",,"mysqltarget","mysqltarget","36104","snapshot","1","Image_0209935","211969","2021-08-24 06:43:50",,
"GCPInstance","avwlab2sky",,"test","test","130590","snapshot","1","Image_0191497","191493","2021-08-17 19:01:41",,
"GCPInstance","avwlab2sky",,"test","test","130590","snapshot","1","Image_0192521","192517","2021-08-18 15:13:12",,
"GCPInstance","avwlab2sky",,"test","test","130590","snapshot","1","Image_0194569","195635","2021-08-19 07:48:52",,
"GCPInstance","avwlab2sky",,"test","test","130590","snapshot","1","Image_0199697","199685","2021-08-20 08:10:43",,
"GCPInstance","avwlab2sky",,"test","test","130590","snapshot","1","Image_0203791","203781","2021-08-21 19:01:46",,
"GCPInstance","avwlab2sky",,"test","test","130590","snapshot","1","Image_0204822","204805","2021-08-22 19:01:58",,
"GCPInstance","avwlab2sky",,"test","test","130590","snapshot","1","Image_0205836","205829","2021-08-23 09:17:41",,
"GCPInstance","avwlab2sky",,"test","test","130590","snapshot","1","Image_0209933","211973","2021-08-24 06:43:51",,
"GCPInstance","avwlab2sky",,"tiny","tiny","35590","snapshot","1","Image_0191492","191503","2021-08-17 19:01:48",,
"GCPInstance","avwlab2sky",,"tiny","tiny","35590","snapshot","1","Image_0192516","192527","2021-08-18 15:13:18",,
"GCPInstance","avwlab2sky",,"tiny","tiny","35590","snapshot","1","Image_0194564","195645","2021-08-19 07:48:59",,
"GCPInstance","avwlab2sky",,"tiny","tiny","35590","snapshot","1","Image_0199686","199689","2021-08-20 08:10:46",,
"GCPInstance","avwlab2sky",,"tiny","tiny","35590","snapshot","1","Image_0203783","203785","2021-08-21 19:01:48",,
"GCPInstance","avwlab2sky",,"tiny","tiny","35590","snapshot","1","Image_0204807","204807","2021-08-22 19:01:58",,
"GCPInstance","avwlab2sky",,"tiny","tiny","35590","snapshot","1","Image_0205828","205833","2021-08-23 09:17:42",,
"GCPInstance","avwlab2sky",,"tiny","tiny","35590","snapshot","1","Image_0209925","211977","2021-08-24 06:43:52",,
"SqlServerWriter","avwlab2sky","Win32","windows","AdventureWorks2019","15476","snapshot","1","Image_0210788","213802","2021-08-24 09:21:36","2021-08-24 09:23:27",
"GCPInstance","avwlab2sky",,"windows","windows","131481","snapshot","1","Image_0191498","191491","2021-08-17 19:01:40",,
"GCPInstance","avwlab2sky",,"windows","windows","131481","snapshot","1","Image_0192522","192515","2021-08-18 15:13:11",,
"GCPInstance","avwlab2sky",,"windows","windows","131481","snapshot","1","Image_0194570","195633","2021-08-19 07:48:51",,
"GCPInstance","avwlab2sky",,"windows","windows","131481","snapshot","1","Image_0199698","199683","2021-08-20 08:10:43",,
"GCPInstance","avwlab2sky",,"windows","windows","131481","snapshot","1","Image_0203792","203779","2021-08-21 19:01:45",,
"GCPInstance","avwlab2sky",,"windows","windows","131481","snapshot","1","Image_0204825","204803","2021-08-22 19:01:57",,
"GCPInstance","avwlab2sky",,"windows","windows","131481","snapshot","1","Image_0205837","205827","2021-08-23 09:17:40",,
"GCPInstance","avwlab2sky",,"windows","windows","131481","snapshot","1","Image_0209934","211971","2021-08-24 06:43:50",,
